register_no,student_name,department,year,section,subject,cia1,cia2,cia3,attendance,previous_result,semester
SS2026001,Aarav Sharma,AI&DS,1,A,Mathematics,29.6,38.9,,76.4,19.5,Semester 1
SS2026001,Aarav Sharma,AI&DS,1,A,Programming,23.3,28.2,30.0,66.8,30.5,Semester 1
SS2026001,Aarav Sharma,AI&DS,1,A,Data Structures,49.9,59.4,63.8,78.3,43.7,Semester 1
SS2026002,Diya Nair,CSE,2,B,Mathematics,63.3,51.1,51.8,81.5,58.2,Semester 1
SS2026002,Diya Nair,CSE,2,B,Programming,49.9,52.9,46.3,77.7,56.5,Semester 1
SS2026002,Diya Nair,CSE,2,B,Data Structures,67.8,64.8,62.2,86.3,81.4,Semester 1
SS2026003,Kabir Menon,IT,3,A,Mathematics,50.4,51.7,63.0,93.3,53.9,Semester 1
SS2026003,Kabir Menon,IT,3,A,Programming,43.4,44.7,56.2,89.4,60.4,Semester 1
SS2026003,Kabir Menon,IT,3,A,Data Structures,52.0,60.6,68.5,84.2,63.7,Semester 1
SS2026004,Ananya Iyer,AI&DS,1,B,Mathematics,76.1,69.6,64.6,88.3,55.4,Semester 1
SS2026004,Ananya Iyer,AI&DS,1,B,Programming,63.1,52.8,41.4,79.2,84.9,Semester 1
SS2026004,Ananya Iyer,AI&DS,1,B,Data Structures,65.2,65.0,,65.2,66.7,Semester 1
SS2026005,Rohan Das,CSE,2,A,Mathematics,72.3,78.8,85.8,78.5,62.4,Semester 1
SS2026005,Rohan Das,CSE,2,A,Programming,70.7,70.9,,69.2,55.7,Semester 1
SS2026005,Rohan Das,CSE,2,A,Data Structures,61.7,66.7,69.2,88.9,62.7,Semester 1
SS2026006,Meera Krishnan,IT,3,B,Mathematics,68.6,70.5,,71.6,56.4,Semester 1
SS2026006,Meera Krishnan,IT,3,B,Programming,55.7,57.1,52.7,71.9,58.3,Semester 1
SS2026006,Meera Krishnan,IT,3,B,Data Structures,66.1,73.5,80.6,73.7,62.0,Semester 1
SS2026007,Arjun Patel,AI&DS,1,A,Mathematics,46.3,30.5,16.3,68.8,37.0,Semester 1
SS2026007,Arjun Patel,AI&DS,1,A,Programming,46.6,36.3,29.6,95.0,43.4,Semester 1
SS2026007,Arjun Patel,AI&DS,1,A,Data Structures,56.6,46.1,40.7,72.5,43.6,Semester 1
SS2026008,Ishita Rao,CSE,2,B,Mathematics,25.5,27.0,27.2,76.1,26.5,Semester 1
SS2026008,Ishita Rao,CSE,2,B,Programming,37.6,32.4,32.6,82.2,57.0,Semester 1
SS2026008,Ishita Rao,CSE,2,B,Data Structures,41.8,33.2,32.9,84.2,54.6,Semester 1
SS2026009,Vikram Singh,IT,3,A,Mathematics,47.2,54.0,42.1,75.6,34.7,Semester 1
SS2026009,Vikram Singh,IT,3,A,Programming,36.5,23.4,24.3,79.8,29.3,Semester 1
SS2026009,Vikram Singh,IT,3,A,Data Structures,37.9,36.6,,90.4,64.0,Semester 1
SS2026010,Nila Joseph,AI&DS,1,B,Mathematics,75.7,67.8,51.9,84.7,63.9,Semester 1
SS2026010,Nila Joseph,AI&DS,1,B,Programming,64.3,59.0,,80.6,82.7,Semester 1
SS2026010,Nila Joseph,AI&DS,1,B,Data Structures,76.4,74.3,66.1,65.3,67.1,Semester 1
SS2026011,Aditya Kumar,CSE,2,A,Mathematics,42.5,50.4,,68.3,49.8,Semester 1
SS2026011,Aditya Kumar,CSE,2,A,Programming,31.5,18.7,7.5,59.7,61.3,Semester 1
SS2026011,Aditya Kumar,CSE,2,A,Data Structures,35.6,37.0,26.2,76.3,43.8,Semester 1
SS2026012,Sara Thomas,IT,3,B,Mathematics,69.6,64.5,67.2,77.5,57.7,Semester 1
SS2026012,Sara Thomas,IT,3,B,Programming,54.5,55.2,65.8,83.6,68.8,Semester 1
SS2026012,Sara Thomas,IT,3,B,Data Structures,75.6,84.2,85.3,77.9,81.1,Semester 1
SS2026013,Karthik Raj,AI&DS,1,A,Mathematics,98.8,92.6,76.5,68.3,100.0,Semester 1
SS2026013,Karthik Raj,AI&DS,1,A,Programming,96.5,87.8,77.6,96.6,73.9,Semester 1
SS2026013,Karthik Raj,AI&DS,1,A,Data Structures,79.9,77.0,66.7,81.9,83.4,Semester 1
SS2026014,Priya Shah,CSE,2,B,Mathematics,99.0,90.6,86.1,61.5,87.5,Semester 1
SS2026014,Priya Shah,CSE,2,B,Programming,76.4,58.9,43.7,78.7,97.2,Semester 1
SS2026014,Priya Shah,CSE,2,B,Data Structures,79.1,70.3,,77.2,84.7,Semester 1
SS2026015,Rahul Verma,IT,3,A,Mathematics,45.8,54.2,52.1,75.0,38.8,Semester 1
SS2026015,Rahul Verma,IT,3,A,Programming,39.2,39.4,,71.2,41.9,Semester 1
SS2026015,Rahul Verma,IT,3,A,Data Structures,46.1,62.7,74.8,73.5,38.1,Semester 1
SS2026016,Anika Bose,AI&DS,1,B,Mathematics,53.7,54.4,,79.1,51.7,Semester 1
SS2026016,Anika Bose,AI&DS,1,B,Programming,49.1,32.6,29.9,56.4,53.7,Semester 1
SS2026016,Anika Bose,AI&DS,1,B,Data Structures,54.1,51.9,38.1,52.3,80.3,Semester 1
SS2026017,Sanjay Mohan,CSE,2,A,Mathematics,39.1,47.0,62.3,70.3,45.3,Semester 1
SS2026017,Sanjay Mohan,CSE,2,A,Programming,48.1,55.2,43.3,79.5,56.8,Semester 1
SS2026017,Sanjay Mohan,CSE,2,A,Data Structures,55.9,48.3,42.3,68.3,46.6,Semester 1
SS2026018,Tara Reddy,IT,3,B,Mathematics,77.1,64.7,59.5,92.1,76.6,Semester 1
SS2026018,Tara Reddy,IT,3,B,Programming,74.2,66.0,57.5,74.8,78.2,Semester 1
SS2026018,Tara Reddy,IT,3,B,Data Structures,77.1,83.3,85.8,85.9,67.4,Semester 1
SS2026019,Dev Anand,AI&DS,1,A,Mathematics,36.4,25.6,30.9,84.6,38.8,Semester 1
SS2026019,Dev Anand,AI&DS,1,A,Programming,14.3,17.8,18.0,70.9,29.3,Semester 1
SS2026019,Dev Anand,AI&DS,1,A,Data Structures,39.4,36.7,,79.1,33.0,Semester 1
SS2026020,Maya Pillai,CSE,2,B,Mathematics,82.4,92.7,74.7,79.6,82.8,Semester 1
SS2026020,Maya Pillai,CSE,2,B,Programming,79.7,77.1,,64.4,84.3,Semester 1
SS2026020,Maya Pillai,CSE,2,B,Data Structures,99.0,88.3,94.3,78.7,80.4,Semester 1
SS2026021,Naveen Kumar,IT,3,A,Mathematics,41.0,52.6,,72.8,61.3,Semester 1
SS2026021,Naveen Kumar,IT,3,A,Programming,50.6,56.2,70.9,71.4,52.3,Semester 1
SS2026021,Naveen Kumar,IT,3,A,Data Structures,44.3,47.3,44.9,76.9,32.2,Semester 1
SS2026022,Aisha Khan,AI&DS,1,B,Mathematics,66.3,77.0,84.7,100.0,75.3,Semester 1
SS2026022,Aisha Khan,AI&DS,1,B,Programming,49.9,51.9,46.2,76.8,83.1,Semester 1
SS2026022,Aisha Khan,AI&DS,1,B,Data Structures,76.7,74.3,69.7,82.3,55.8,Semester 1
SS2026023,Varun Suresh,CSE,2,A,Mathematics,38.8,39.4,36.2,59.1,39.0,Semester 1
SS2026023,Varun Suresh,CSE,2,A,Programming,32.6,28.0,31.9,61.4,30.1,Semester 1
SS2026023,Varun Suresh,CSE,2,A,Data Structures,44.3,25.7,28.6,85.7,44.5,Semester 1
SS2026024,Kavya Balan,IT,3,B,Mathematics,94.3,100.0,100.0,84.3,89.7,Semester 1
SS2026024,Kavya Balan,IT,3,B,Programming,75.2,78.2,81.1,85.8,97.0,Semester 1
SS2026024,Kavya Balan,IT,3,B,Data Structures,80.5,83.6,,96.8,79.6,Semester 1
SS2026025,Harish Gopal,AI&DS,1,A,Mathematics,90.8,100.0,100.0,95.3,97.6,Semester 1
SS2026025,Harish Gopal,AI&DS,1,A,Programming,92.6,100.0,,100.0,86.9,Semester 1
SS2026025,Harish Gopal,AI&DS,1,A,Data Structures,74.0,91.7,95.0,83.1,100.0,Semester 1
SS2026026,Ira Mukherjee,CSE,2,B,Mathematics,63.7,57.5,,59.1,79.4,Semester 1
SS2026026,Ira Mukherjee,CSE,2,B,Programming,75.7,82.7,77.8,48.0,75.5,Semester 1
SS2026026,Ira Mukherjee,CSE,2,B,Data Structures,73.8,82.0,91.9,68.4,82.6,Semester 1
SS2026027,Manoj Selvam,IT,3,A,Mathematics,77.8,78.8,83.6,84.0,81.2,Semester 1
SS2026027,Manoj Selvam,IT,3,A,Programming,65.5,75.1,79.2,80.8,81.3,Semester 1
SS2026027,Manoj Selvam,IT,3,A,Data Structures,58.1,55.0,50.6,58.7,66.2,Semester 1
SS2026028,Zoya Ali,AI&DS,1,B,Mathematics,69.4,75.3,87.4,95.3,71.3,Semester 1
SS2026028,Zoya Ali,AI&DS,1,B,Programming,80.2,85.3,84.0,76.1,57.2,Semester 1
SS2026028,Zoya Ali,AI&DS,1,B,Data Structures,67.0,69.0,79.1,99.2,58.2,Semester 1
SS2026029,Pranav Nair,CSE,2,A,Mathematics,53.6,48.5,39.0,63.7,72.3,Semester 1
SS2026029,Pranav Nair,CSE,2,A,Programming,53.6,41.3,25.3,75.5,67.3,Semester 1
SS2026029,Pranav Nair,CSE,2,A,Data Structures,64.3,58.1,,85.6,76.2,Semester 1
SS2026030,Sneha Das,IT,3,B,Mathematics,51.7,55.2,48.9,93.1,68.8,Semester 1
SS2026030,Sneha Das,IT,3,B,Programming,59.8,58.3,,100.0,85.8,Semester 1
SS2026030,Sneha Das,IT,3,B,Data Structures,68.6,65.7,69.3,73.5,68.3,Semester 1
